{"cameraMode":{"drawMode":0,"name":"Shaded","section":"Shading Mode"},"sceneLighting":false,"audioPlay":false,"sceneViewState":{"showFog":true,"showMaterialUpdate":false,"showSkybox":false,"showFlares":true,"showImageEffects":true,"showParticleSystems":true},"in2DMode":false,"pivot":{"x":-0.4954533576965332,"y":0.7475521564483643,"z":0.13260293006896974},"rotation":{"x":-0.05670028179883957,"y":0.8928844928741455,"z":-0.11746861040592194,"w":-0.4309806823730469},"size":4.041658401489258,"orthographic":false}