{"cameraMode":{"drawMode":0,"name":"Shaded","section":"Shading Mode"},"sceneLighting":true,"audioPlay":false,"sceneViewState":{"showFog":true,"showMaterialUpdate":false,"showSkybox":true,"showFlares":true,"showImageEffects":true,"showParticleSystems":true,"showVisualEffectGraphs":true,"m_FxEnabled":true},"in2DMode":false,"pivot":{"x":4.052364349365234,"y":-134.42987060546876,"z":216.18536376953126},"rotation":{"x":-0.27712833881378176,"y":-0.00663378182798624,"z":0.0019126666011288763,"w":-0.9608126878738403},"size":136.21604919433595,"orthographic":false}